остановит;1e-07
фильмы;1e-07
инструментарием;1e-07
москвы№;1e-07
посмотрят;1e-07
перевода;1e-07
подскажите;1e-07
список;-4.6894176574
путина;1e-07
житель;1e-07
системы;1.87847039154
нашел;1e-07
систему;1e-07
ушел;1e-07
книге;1e-07
смены;1e-07
соглашение;1e-07
шоке;1e-07
книги;1e-07
пол;1e-07
пару;1e-07
выкручивает;1e-07
тигров;-0.207659652389
ребятам;1e-07
кабин…;1e-07
грузии;1e-07
летний;1e-07
нарушат;1e-07
пор;1e-07
улучшенка;1e-07
жизнипришлось;1e-07
опциями;1e-07
обошлось;1e-07
негативным;1e-07
сообщают;1e-07
рисках;1e-07
распространяются;1e-07
совершать;1e-07
специалист;1e-07
путину;1e-07
оставляет;1e-07
размещенных;1e-07
ребята;1e-07
система;0.182329370851
личным;1e-07
системе;1e-07
личный;1e-07
привлекать;1e-07
личных;1e-07
небес;1e-07
запретил;1e-07
обновленная;1e-07
вносить;1e-07
умрет;1e-07
посольство;1e-07
госбанков;-0.865394086687
вызвали;1e-07
выделять;1e-07
уютной…;1e-07
вычеркнуть;1e-07
олимпийской;1e-07
очередей;1e-07
издевательство;1e-07
физических;1e-07
техническим;1e-07
над;-1.12686465809
коммуна;1e-07
отрубает;1e-07
интересуют;1e-07
минимальный;1e-07
стороны;-1.07618838493
кредитование;1e-07
разжигать;1e-07
рамках;1.20405485465
хорватии;1e-07
ресурсная;1e-07
средств;0.0512951450724
зажевал;1e-07
акции…;1e-07
растут;1e-07
сбор;1e-07
среди;1e-07
смс;1e-07
входят;1e-07
у;-2.70709599907
привилегированных;1e-07
сми;-3.59483703248
укрдочка;1e-07
инновационные;1e-07
кредитования;1e-07
чиновники;1e-07
должны;1e-07
двух;1e-07
международные;-0.133537671803
наш;-1.27293902365
события;1e-07
давлением;1e-07
предстоящей;1e-07
прошедшей;1e-07
приема;-0.223163087334
того;-0.00648315123207
шлет;1e-07
мне;-0.543908599282
относится;1e-07
напиши;1e-07
выполнить;1e-07
верфь…;1e-07
положение;1e-07
правда;1e-07
какому;1e-07
положении;1e-07
похитили;1e-07
кораблисша;1e-07
реклама;1e-07
апокалипсис;1e-07
открытии;1e-07
народу;1e-07
война;1e-07
втбевропейский;1e-07
ответные;1e-07
внезапно;0.35670508515
вводят;1e-07
было;1e-07
лярдов;1e-07
были;1e-07
развивать;1e-07
ощутил;1e-07
книжку;1e-07
торбахов;1e-07
была;-0.0367902560351
пора;1e-07
мо;1e-07
ограбление;1e-07
года;0.767242227156
уточнили;1e-07
спискесбербанк;1e-07
здравствуйте;1e-07
гору;1e-07
действоват;1e-07
году;1.88413733145
попросили;1e-07
уже;-2.66999145049
денюжку;1e-07
распространил;1e-07
дебилы;1e-07
прямой;1e-07
председателя;1e-07
нельзя;1e-07
слова;1e-07
цб;0.678578483465
развития;2.59613469972
развитию;1e-07
приступил;1e-07
осуществлять;1e-07
сво;1e-07
российскокитайского;1e-07
располагает;1e-07
оптимизация;1e-07
под;-2.57863138268
политика;1e-07
россель;1e-07
подзаголовок;1e-07
падла;1e-07
сходила;1e-07
долгов;1e-07
сферы;1e-07
автокредит;1e-07
национального;1e-07
революционеры;1e-07
мозг;1e-07
сообщае;1e-07
отныне;1e-07
киев;1e-07
меняется;1e-07
счастья;1e-07
подконтрольного;1e-07
уровня»;1e-07
портфель;1e-07
санкций;-2.13500401735
санкции;-2.51996261684
дополнительный;1.34825537832
которы;1e-07
помочь;1e-07
дополнительные;1e-07
касаются;1e-07
активных;1e-07
газетару;1e-07
финансовоэкономической;1e-07
ожидается;1e-07
откуда;1e-07
финише;1e-07
получающих;1e-07
«добролет»;1e-07
дочернюю;1e-07
снизил;1e-07
запрос;1e-07
звал;1e-07
начали;1e-07
преувеличения;1e-07
начале;0.606162442461
столичном;1e-07
сбере;1e-07
начала;1.04988742931
сбера;-1.33673884555
сберб;1e-07
лавочки;1e-07
мной;1e-07
восстанавливать;1e-07
дополнительных;1e-07
тогда;1e-07
победил;1e-07
ограничили;1e-07
мобильным;1e-07
привлечением;1e-07
мобильный;1e-07
мобильные;1e-07
лужу;1e-07
отключит;1e-07
объектов;1e-07
специалисты;1e-07
лыжи;1e-07
отправлять;1e-07
кредитов;1.34561798896
равносильно;1e-07
ближе;1e-07
предупредили;1e-07
пенсиями;1e-07
выступивший;1e-07
акционерного;1e-07
санкцийгосбанки;1e-07
лавров;1e-07
регистрирует;1e-07
каждую;1e-07
давно;1e-07
судостроительной…;1e-07
западу;1e-07
рублейвыходец;1e-07
доброй;1e-07
ценных;1e-07
хочешь;1e-07
офисов;1e-07
рос;-1.29258437119
запрещено;1e-07
активов;0.33648563211
пришло;1e-07
ребят;1e-07
пришла;1e-07
аккредитовал;1e-07
станет;-0.325437427521
ответили;1e-07
биржи;1e-07
накопительноипотечной;1e-07
организаци;1e-07
коснутся;1e-07
запада;1e-07
первую;1e-07
манипуляторыне;1e-07
личному;1e-07
западе;1e-07
никак;1e-07
зря;1e-07
накоплений;1e-07
сделали;1e-07
казну;1e-07
хостес;1e-07
увеличил;1e-07
хотел;1e-07
заимствований;1e-07
надписи;1e-07
ауэрбанка;1e-07
возглавил;1e-07
расплатиться;1e-07
подготовила;1e-07
текст;1e-07
делает;0.641887199086
сомневался;1e-07
росла;1e-07
рейтинги;1e-07
рейтинге;1e-07
рейтинга;1e-07
российских…;1e-07
скептически;1e-07
включив;1e-07
попавшее;1e-07
смски;1e-07
представитель;1e-07
включил;1e-07
представителя;1e-07
отдых;1e-07
договору;1e-07
закроем;1e-07
карательных;1e-07
закрыли;1e-07
«трест;1e-07
кредитам;-0.31799736892
заявление;1e-07
€;1e-07
рассылает;1e-07
коварные;1e-07
говноно;1e-07
съел;1e-07
своевременно;1.0035045995
хз;1e-07
сегментов;1e-07
ха;1e-07
эффективные;1e-07
хэ;1e-07
своим;-0.543666240637
долговпросроченная;1e-07
финансовым;1e-07
побоялись;1e-07
россииа;1e-07
бумаги;1e-07
«байкал;1e-07
кредитах;1e-07
американец;1e-07
закроет;1e-07
газпром;1e-07
включит;1e-07
раз;-0.515469824678
«добролёта»;1e-07
совсем;1e-07
остановил;1e-07
представители;1e-07
ненавижу;1e-07
дипломаты;1e-07
пытался;1e-07
рисковать;1e-07
думать;1e-07
должнику;1e-07
источни;1e-07
доходах;1.0415297199
ничо;1e-07
новости;-0.421677406308
агентств;1e-07
анекдот;1e-07
финансового;0.194164879152
поставил;1e-07
ситуации;1e-07
никто;1e-07
естественно;1e-07
списались;1e-07
крупные;1e-07
попадет;-2.93683127653
блоги;1e-07
онлайндепозитам;1e-07
одобрил;1e-07
мой;0.661962735312
тыс;0.0411617662855
лнр;1e-07
зла;1e-07
мож;1e-07
национальной;1e-07
которое;1e-07
рельефные;1e-07
октября;1e-07
вклады;1e-07
приспичило;1e-07
евросоюза;-3.03594097425
подпадет;1e-07
своему;1e-07
правительством;1e-07
планета;1e-07
займа;1e-07
смысла;1e-07
финансырф;1e-07
президент;1e-07
объединённая;1e-07
займы;1e-07
говорят;1e-07
евросоюзу;1e-07
моё;1e-07
высылали;1e-07
моя;1e-07
терминал;1e-07
герман;1e-07
мос;1e-07
внесли;1e-07
некоммерческим;1e-07
корпорации;1e-07
опубликован;1e-07
владимирцы;1e-07
ситуация;1e-07
овердрафтный;1e-07
сайт;1e-07
изданий;1e-07
клиентских;1e-07
ждал;1e-07
крупных;-0.962898338449
постсоветском;1e-07
запре;1e-07
новость;1e-07
сельскохо;1e-07
счастливый;1e-07
продо;1e-07
неизвестные;1e-07
часа;-0.512962339845
распространили;1e-07
принял;1e-07
брать;1e-07
январеиюле;1e-07
украинским;1e-07
путена;1e-07
итогам;1e-07
понимаю;1e-07
помогать;1e-07
рфевросоюз;1e-07
попадающих;1e-07
ситуацией;1e-07
связан;1e-07
шик;1e-07
значит;1e-07
политик;1e-07
газете;1e-07
оплате;1e-07
магазин;1e-07
оплата;1e-07
газета;1e-07
июня;1e-07
с…;1e-07
нашего;1e-07
пользуюсь;1e-07
думаю;-0.257838511183
якутск;1e-07
необходимости;1e-07
ответ;1e-07
затрудняет;1e-07
уралсиб»;1e-07
очереди;1e-07
рекламные;1e-07
конвертирована;1e-07
малому;1e-07
х;1e-07
воспринимает;1.62592037807
оказаться;1e-07
конкуренцию;1e-07
раньше;1e-07
ближайших;1e-07
баланс;1e-07
должно;1e-07
осксша;1e-07
ошибок;1e-07
воспользоваться;1e-07
подсобн;1e-07
оплату;-2.28815861205
положить;1e-07
втбвозможные;1e-07
упали;1e-07
действительно;1e-07
июне;1e-07
партнера;1e-07
газеты;1e-07
если;-2.33203576163
эмбарго;1e-07
начался;1e-07
конкурса;1e-07
сдохли;1e-07
банк»;1e-07
российской;-0.0639706299633
плохих;1e-07
апк;1e-07
отдела;1e-07
млрд;1.23943200303
«решение;1e-07
новое;1e-07
аэрофлот;1e-07
третьего;1e-07
россельхозбанквпрочем;1e-07
внедрению;1e-07
международных;1e-07
подвергнуть;1e-07
кучу;1e-07
финансовой;1e-07
санкциям;-0.824488454461
сша;-3.07227016492
начнёт;1e-07
футбольный;1e-07
техподдержке;1e-07
ограничительные;1e-07
предложением;1e-07
сбора;1e-07
дождь;1e-07
перевод;1e-07
рассказал;1e-07
увеличит;1e-07
снижением;1e-07
равно;1e-07
николаев;1e-07
по…;0.693182344159
территории;1e-07
уровн;1e-07
меня;1e-07
продолжение;1e-07
намерение;1e-07
прибыль;0.995723757536
подсобных;1e-07
газпромбанком;1e-07
сказаличто;1e-07
р;-1.57035109805
подсобным;1e-07
виде;1e-07
людей;1e-07
сергей;1e-07
компанией;1e-07
понедельник;-1.4372013305
продолжения;1e-07
будто;1e-07
сраный;1e-07
попросил;1e-07
напишите;1e-07
чем;-2.41305450145
никогда;1e-07
подписано;1e-07
запорожье;1e-07
сборы;1e-07
гривень;1e-07
ограничительных;1e-07
выи;1e-07
ващеневойти;1e-07
частности;1e-07
спасибо;1.46137211125
прохожего;1e-07
конечно;-0.836538615192
санкциях;-1.41004256547
розничного;1e-07
окновы;1e-07
швейцарских;1e-07
добавил;1e-07
деньги;-0.471783483536
кабинете;1e-07
перекреститесь;1e-07
наверно;1e-07
написать;1e-07
всех;0.49988845099
итак;1e-07
волгограде;1e-07
корчат;1e-07
заказать;1e-07
забавно;1e-07
называется;1e-07
среду;1e-07
«банк;-1.27674310987
построить;1e-07
госбанка;1e-07
нахожусь;1e-07
назад;1e-07
сбером;0.693182344159
совместно;1e-07
недвижимость;1e-07
очередной;1e-07
радость;1e-07
фнб;1e-07
всебудьте;1e-07
получил;-0.287721146399
окно;1e-07
возобновляет;1e-07
двигаться;1e-07
гаркнуть;1e-07
вражеские;1e-07
сбербанкадъ;1e-07
возможно;1e-07
обратились;1e-07
лиц;-1.87731613483
начнут;1e-07
всем;1e-07
начислят;1e-07
тасс;1e-07
всей;-0.111229989676
недобросовестную;1e-07
стоят;1e-07
кредиторы;1e-07
магаданской;1e-07
добавит;1e-07
слону;1e-07
восполь;1e-07
«у;1e-07
сообщалось;1e-07
планку;1e-07
участием;1e-07
нас;1e-07
быстрее;0.773253004462
опять;1e-07
семь;1e-07
прогнозамииз;1e-07
обанкотившийся;1e-07
весьма;1e-07
относительно;1e-07
обмен;1e-07
авгус;1e-07
сосут;1e-07
бесследно;1e-07
российского;-0.867512959282
железо;1e-07
подробности;0.405494411708
футболистам;1e-07
чипом;1e-07
унитаза;1e-07
визовые;1e-07
цифра;1e-07
головой;1e-07
обязательства;3.47782361446
понижен;1e-07
«чёр;1e-07
господдержкубанки;1e-07
ничто;1e-07
вкус;1e-07
лукойл;1e-07
получилось;1e-07
устойчивость;1e-07
согласен;1e-07
исключить;1e-07
избежал;1e-07
ретвита;1e-07
взаимно;1e-07
ясно;1e-07
корень;1e-07
микробиз;1e-07
зашла;1e-07
чьи;1e-07
расширении;1e-07
запросам;1e-07
ц…;1e-07
карточками;1e-07
идти;1e-07
дал;1e-07
элпочту;1e-07
время;-0.880936126645
всему;1e-07
треклятой;1e-07
нападение;1e-07
владимир;1e-07
думал;1e-07
крыма;1e-07
также;-2.03312404352
продолжат;1e-07
мл;1e-07
сломалась;1e-07
каца;1e-07
списано;1e-07
остаётся;1e-07
пространстве;1e-07
внесены;1e-07
ругаться;1e-07
находятся;1e-07
поддержки;1e-07
«ведомости»;1e-07
”;1e-07
мировыеновости;1e-07
поволжском;1e-07
благовещенске;1e-07
клиенты;-0.855713684633
госдеп;1e-07
умные;1e-07
утверждают;1e-07
клиенту;1e-07
втббанк;1e-07
обходится;1e-07
с;-1.16457734166
приостановкой;1e-07
хитрый;1e-07
пипеци;1e-07
клиента;1e-07
залоговое;1e-07
клиенте;1e-07
«газпромбанк»;1e-07
повысит;1e-07
заемщиках;1e-07
пизец;1e-07
перезвонилив;1e-07
нечем;1e-07
получилась;1e-07
карателей;1e-07
наверное;-0.24117575698
распространиться;1e-07
национальную;1e-07
расширили;1e-07
нету;1e-07
новой;1e-07
банковпартнеров;1e-07
новом;1e-07
расширило;1e-07
периодом;1e-07
расширила;1e-07
крыму;-1.68542656167
мы;2.08243505781
увидел;1e-07
площадка;1e-07
история;1e-07
решил;1e-07
инвестировать;1e-07
шок;1e-07
держать;1e-07
купил;1e-07
десятку;1e-07
карта;1.78727804557
реагирует;1e-07
причинам;1e-07
карте;0.865048332663
заработали;1e-07
открывает;1e-07
случится;1e-07
пскове;1e-07
жаль;1e-07
террористов;1e-07
ввиду;1e-07
такие;1e-07
компа;1e-07
секторальные…;1e-07
таким;1e-07
жалобу;1e-07
меньший;1e-07
пошаманьте;1e-07
лиха;1e-07
фоне;0.693179147315
детски;1e-07
прямыми;1e-07
решения;1e-07
всякого;1e-07
украинских;1e-07
повышение;1e-07
введении;1e-07
год;0.182329370851
повышения;1e-07
положил;1e-07
оставила;1e-07
решение;0.336507960316
оказался;1e-07
визы;1e-07
счёт;1e-07
галерея;1e-07
предупредил;1e-07
опасаясь;1e-07
карту;-0.62005604488
итоги;-0.305394868829
штаты;1e-07
итоге;1e-07
карты;-1.05381283912
антироссийский;1e-07
доброеутро;1e-07
образуется;1e-07
путлеровскую;1e-07
швейцарский;1e-07
открылись;1e-07
развитии;1e-07
есть;1e-07
сни;1e-07
принимаются;1e-07
приобретат;1e-07
расплачиваться;1e-07
попал;1e-07
жилье;1e-07
льготное;1e-07
комплитд;1e-07
форуме;1e-07
задолженность;1e-07
ногами;1e-07
столкнулась;1e-07
нужен;1e-07
вопросом;1e-07
потерять;1e-07
пост;1e-07
просьбой;1e-07
приобретает;1e-07
паспорт;1e-07
операцию;1e-07
разгромили;1e-07
похудения;1e-07
государство;1e-07
нисколько;1e-07
полки;1e-07
давление;1e-07
войнавашингтон;1e-07
«лучшие;1e-07
давления;1e-07
скинемся;1e-07
компаниям;1e-07
стезе;1e-07
платежную;1e-07
увеличиться;1e-07
кладите;1e-07
уха;1e-07
кастанаевская;1e-07
рабо;1e-07
вашим…;1e-07
немцов;1e-07
воры;1e-07
будут;-2.05210059208
настроил;1e-07
куда;1e-07
газромбанк;1e-07
поисков;1e-07
звонок;1e-07
нам;0.171857197026
задолженности;1e-07
приобретать;1e-07
зацепит;1e-07
дел;1e-07
вмире;1e-07
имена;1e-07
райффайзенбанк;-0.117792803618
путешествия;1e-07
критике;1e-07
банкх;1e-07
банку;1e-07
введённых;1e-07
популярные;1e-07
клиентам;1e-07
уровень;1e-07
наложен;1e-07
можем;1e-07
запад;1e-07
данный;1e-07
другом;1e-07
данные;1e-07
опровергая;1e-07
причинил;1e-07
вроде;1e-07
объявили;1e-07
длинная;1e-07
торговосервисных;1e-07
москвывтброссельхозбанк;1e-07
объявило;1e-07
мастеркардовские;1e-07
затронули;1e-07
информатор;1e-07
перес;1e-07
досталось;1e-07
устроюсь;1e-07
вконтач;1e-07
касса;1e-07
прекратил;1e-07
изза;1e-07
окажется;1e-07
организаций;1e-07
провэд;1e-07
отказалась;1e-07
помогает;1e-07
дробина;1e-07
кредитов»;1e-07
может;1e-07
банке;1.39001909971
евросоюз;1e-07
позвать;1e-07
критику;1e-07
банка;-2.28389282951
банко;0.0571607120856
крымреалии;1e-07
годовой;1e-07
банки;0.00606162728689
заявок;1e-07
рассказать;1e-07
копьё;1e-07
нсо;1e-07
быстрый;-0.325476504498
экономических;1e-07
как…;1e-07
продаж;1e-07
американские;1e-07
иметь;1e-07
пошло;1e-07
счету»;1e-07
автопроверку;1e-07
героев;1e-07
юникредит;1e-07
тысячи;1e-07
особо;1e-07
сб;0.693186251454
са;1e-07
коллцентра;1e-07
се;1e-07
действует;1e-07
клиентов;0.701152506459
реальный;1e-07
блять;1e-07
втором;1e-07
со;-1.07303727292
мошенников;1e-07
идут;1e-07
знали;1e-07
номера;1e-07
простить;1e-07
запу;1e-07
пресс;1e-07
индекс;1e-07
владельцам;1e-07
николаеве;1e-07
город;1e-07
функционал;1e-07
московская;1e-07
закончились;1e-07
«россети»;1e-07
выходные;1e-07
твиармия;1e-07
кстатиа;1e-07
побыстрому;1e-07
биржа;1e-07
экономические;1e-07
бочок;1e-07
штатов;1e-07
придется;1e-07
бесслед…;1e-07
зенщин;1e-07
ночью;1e-07
капиталасбербанк;1e-07
спокойно;1e-07
чуть;1e-07
попробуй;1e-07
коп;1e-07
ком;1e-07
заявку;1e-07
незамутненную;1e-07
завоевывать;1e-07
включенный;1e-07
надо;-1.91575233179
получать;1e-07
позднее;1e-07
финансов;1e-07
миниму;1e-07
российских;-2.03314655492
типа;1e-07
погасили;1e-07
еда;1e-07
предоставил;1e-07
конец;1e-07
россельфозбанк;1e-07
отжала;1e-07
затрат;1e-07
гореть;1e-07
госучастием;1e-07
приносили;1e-07
особенно;-0.154156261259
неделе;1e-07
бум;1e-07
сюда;1e-07
профинансировать;1e-07
российским;1e-07
багрепорт;1e-07
российский;-1.54293891693
российские;-2.19100959391
сохранят;1e-07
сказал;1e-07
жалобной;1e-07
точно;-0.808100334925
принципе;1e-07
кот;1e-07
срать;1e-07
более;1.62544910667
декларации;1e-07
разницу;1e-07
заменил;1e-07
ограничивают;1e-07
управляющего;1e-07
счёта;1e-07
кред;2.16835559347
эвакуация;1e-07
еросоюза;1e-07
часовую;1e-07
пример;1e-07
случае;0.587817921495
прессслужбе;1e-07
передал;1e-07
слетела;1e-07
жопу;1e-07
жизненное;1e-07
унн;1e-07
офисы;1e-07
какието;1e-07
которому;1e-07
изиз;1e-07
страх;1e-07
страт;1e-07
говно;1e-07
троллить;1e-07
платить;1e-07
г;0.684852545673
уверенно;1e-07
обеспечить;1e-07
обновленную;1e-07
несколько;-1.79482496759
жилищных;1e-07
ударили;1e-07
приложение;1e-07
сходили;1e-07
платите;1e-07
пообещали;1e-07
жилищные;1e-07
умеешь;1e-07
распространят;1e-07
включены;1e-07
процент;1e-07
мобильники;1e-07
союз;1e-07
ставки;0.794313015238
судостроительной;1e-07
госбанки;1e-07
искал;1e-07
майдан;1e-07
выдаёте;1e-07
поездов;1e-07
картой;0.367748823933
работ;1e-07
российск;1e-07
спущусь;1e-07
втброссельхозбанкбанк;1e-07
добавить;1e-07
рискуете;1e-07
нужны;1e-07
столько;1e-07
информирует;1e-07
списки;1e-07
работает;-0.767673805253
активно;1e-07
сказать;1e-07
списка;-0.362469667411
негатив;1e-07
списке;1e-07
ростовский;1e-07
поволжский;1e-07
первый;-0.998246777603
морганы;1e-07
команда;0.0571607120856
появились;1e-07
решили;1e-07
первые;1e-07
день;1e-07
очередные;1e-07
поддержкой;-0.287693793514
ограничение;1e-07
уралсиб;1e-07
отчет;1e-07
будущем;1e-07
обязательств;1e-07
садившиеся;1e-07
выплаты;1e-07
публиковать;1e-07
пожалуй;1e-07
повода;1e-07
олимпиады;1e-07
позволят;1e-07
продовольственном;1e-07
ценности;1e-07
забавное;1e-07
грудь;1e-07
всего;1e-07
американская;1e-07
перевернуть;1e-07
уверяют;1e-07
иногда;1e-07
ввода;1e-07
наличные;1e-07
затронут;1e-07
сшабанк;1e-07
всегда;0.940931265873
коммунальных;1e-07
ограничил;1e-07
канады;1e-07
пользуетесь;1e-07
синдицирован;1e-07
прогремел;1e-07
оформл;1e-07
списку;1e-07
падают;1e-07
ненависть;1e-07
газпромбанк№;1e-07
проводит;1e-07
процентов;1e-07
силу;1e-07
человека;1e-07
мошенникиа;1e-07
регионах;1e-07
«лентеру»;1e-07
люди;1e-07
недобро;1e-07
ввести;1e-07
народ;1e-07
разблокировки;1e-07
себе;1e-07
приостано;1e-07
новости»;1e-07
тебе;1e-07
сложили;1e-07
подфартило;1e-07
экскурсию;1e-07
вводит;1e-07
идиоту;1e-07
но;-0.942456206542
подключили;1e-07
одном;1e-07
крымские;1e-07
контормошенников;1e-07
одной;-0.405484643364
недавно;1e-07
ни;1e-07
результатам;1.04544884835
ссы;1e-07
новую;1e-07
желаю;1e-07
собираюсь;1.50421415158
намерены;1e-07
большой;0.14310805667
раунде;1e-07
санкцио;1e-07
«дагестан»;1e-07
закрывший;1e-07
спрос;1e-07
имел;1e-07
вдруг;1e-07
недельную;1e-07
счет;0.686673331588
пожаловать;1e-07
парсит;1e-07
дороге;1e-07
какойто;1e-07
работника;1e-07
дорого;1e-07
операцион;1e-07
выставления;1e-07
миллионов;1e-07
взаимныйфолловинг;-2.52197601872
отн;1e-07
процентами;1e-07
заметку;1e-07
венская;1e-07
годовых;-0.634501890199
мысли;1e-07
объединенно;1e-07
сайта;1e-07
потребительских;1e-07
лол;1e-07
калашников;1e-07
депозитах;1e-07
“;1e-07
выгодный;1e-07
вкладам;1e-07
вызванный;1e-07
пишет;1e-07
предупреждает;1e-07
беларусь;1e-07
революции;1e-07
государственных;1e-07
советские;1e-07
интернету;1e-07
д;1e-07
август…;1e-07
причём;1e-07
граниру;1e-07
шишки;1e-07
банкахэто;1e-07
первое;1e-07
ртс;1e-07
первом;1e-07
банковских;1e-07
нарастил;1e-07
россиисбербанк;1e-07
варшаве;1e-07
нафиг;1e-07
хорош;1e-07
лондоне;1e-07
тех;-1.39597065921
госпрограммы;1e-07
минист;1e-07
картах;1e-07
потребительский;1e-07
красноярском;1e-07
ближайшее;1e-07
его;-0.989725331101
греф;0.641887199086
могу;1e-07
потребительского;1e-07
безопасность;1e-07
никаких;1e-07
армении;1e-07
неткак;1e-07
сан…;1e-07
омерзительной;1e-07
им;1e-07
доверю;1e-07
регионе;1e-07
из;-2.88933780129
жильем;1e-07
пздец;1e-07
потом;-0.851306083667
регион;1e-07
аду;1e-07
выйдут;1e-07
отстоять;1e-07
террористической;1e-07
о…;1e-07
россети;1e-07
два;-1.01959882333
этого;-1.1587619292
две;-2.01729122271
шестёрка;1e-07
ужесточили;1e-07
данным;1e-07
обслужили;1e-07
служба;1e-07
забота;1e-07
запустил;1e-07
скажется;1e-07
гмосква;1e-07
яркую;1e-07
керченский;1e-07
«партнеринвест»;1e-07
заниматься;1e-07
узнал;1e-07
рекорд;1e-07
их;-1.76426147904
оплатить;1e-07
сообщило;1e-07
этп;1e-07
сообщили;-1.26687194845
какая;1e-07
кубанцам;1e-07
брендов;1e-07
выдавать;1e-07
армению;1e-07
находится;1e-07
оск;1e-07
эхе;1e-07
прекращает;1e-07
инвестиционный;1e-07
«россельхозбанк»;-0.150886493017
возможность;1e-07
красивые;1e-07
разместить;1e-07
умру;1e-07
эффективное;1e-07
рублейв;1e-07
новая;1e-07
результате;1e-07
внедрение;1e-07
луганске;1e-07
россельхозбанкес;1e-07
когонибудь;1e-07
сдаюсь;1e-07
другие;-2.629275543
остаток;1e-07
посетители;1e-07
повлияют;1e-07
ъ;1e-07
спис…;1e-07
других;1e-07
правления;0.853457393816
подготовился;1e-07
рос…;1e-07
введите;1e-07
кого;1e-07
пользователей;1e-07
реквизитыа;1e-07
формулировке;1e-07
косяками;1e-07
согласно;1e-07
судо;1e-07
официальная;1e-07
часов;-1.20160831883
возможности;1e-07
затронуло;1e-07
был;1e-07
есевропейский;1e-07
хипстеры;1e-07
отдельным;1e-07
лайфхак;1e-07
американцам;1e-07
права;1e-07
вор;1e-07
итмонстра;1e-07
насчет;1e-07
смешная;1e-07
крыш;1e-07
ны…;1e-07
такое;1e-07
т;1e-07
присоединяется;1e-07
программа;1e-07
программе;1e-07
ожидать;1e-07
такой;1e-07
скажу;1e-07
планирует;1e-07
оао;0.477551501864
теряется;1e-07
берет;-0.741992603201
компанийсша;1e-07
операций;1e-07
е;1e-07
пиздец”;1e-07
введение;-0.176481387936
шутки;1e-07
шувалов;1e-07
голой;1e-07
введения;-0.750346963544
граждан;1e-07
поменялись;1e-07
расширяет;1e-07
интернетбанк;0.609142210892
сеть;1e-07
ковальчук;1e-07
проект;1e-07
хунту;1e-07
попыткой;1e-07
парюсь;1e-07
йошкаролы»;1e-07
открывали;1e-07
хищение;1e-07
программу;1e-07
строительство;1e-07
хотят;1e-07
выросла;1e-07
выросло;1e-07
соглашайтесь;1e-07
выросли;1e-07
смотрю;1e-07
поиск;1e-07
индексе;1e-07
индекса;-0.929625825719
поменьше…;1e-07
вологде;1e-07
ко…;1e-07
чебоксарах;1e-07
както;1e-07
финансирующим;1e-07
пределах;1e-07
сотрудничества;1e-07
сотрудничестве;1e-07
гопница;1e-07
скорее;1e-07
покупках;1e-07
сотрудничество;0.773248495801
финансовых;1e-07
а;-1.91102847989
жопа;1e-07
ну;-0.571486386389
ты;1e-07
вот;-1.81898147978
обязанностями;1e-07
менеджеров;1e-07
ограничений;1e-07
дочерние;1e-07
не;-0.679791231615
ответным;1e-07
изменения;1e-07
на;-0.754831084383
вон;1e-07
невозможность;1e-07
вопросы;1e-07
ограничения;1e-07
пройдет;1e-07
деятельностью;1e-07
сотрудников;1e-07
институтам;1e-07
западной;1e-07
тарифы;1e-07
поможет;2.35422382189
отд;1e-07
включает;1e-07
отмучаться;1e-07
прекрасный;1e-07
испытание;1e-07
квартале;1e-07
введённые;1e-07
финты;1e-07
пошлёт;1e-07
принимает;1e-07
индексы;1e-07
афоризмы;1e-07
блокировать;1e-07
теже;1e-07
прессслужбы;1e-07
фондирование;1e-07
направил;1e-07
пополнят;1e-07
вернёт;1e-07
ваш;1e-07
лезут;1e-07
выходец;1e-07
ушли;1e-07
прим;1e-07
этими;1e-07
словам;1e-07
альфа;0.92220432379
лидерах;1e-07
турнир;1e-07
амурских;0.485541627552
вернулись;1e-07
видам;1e-07
процентные;0.9479978612
газпромбанка;-0.513761505785
строительстве;1e-07
газпромбанке;1e-07
устроил;1e-07
войдут;1e-07
ведомости;-0.882582396172
банкипартнеры;1e-07
рамблерновости;1e-07
привет;1e-07
пиш;1e-07
станут;0.0606272073491
могут;-2.69810579063
нового;1e-07
связной;1e-07
вообще;1e-07
платежной;1e-07
утра;1e-07
газпромбанку;1e-07
главное;1e-07
процентных;0.84743183232
фолловинг;1e-07
глава;1e-07
молодая;1e-07
оно;1e-07
онл;1e-07
они;-0.934687607252
альфу;1e-07
рубль;1e-07
работали;1e-07
рубля;1e-07
вынес;1e-07
поскорей;1e-07
знать;1e-07
запустили;1e-07
велосипедовбанк;1e-07
лично;1e-07
американский;1e-07
секретные;1e-07
туда;1e-07
карт;0.971165994985
прессрелиз;1e-07
показателям;1e-07
держащих;1e-07
газпромбанк;-1.82340924686
наконецто;1e-07
хочет;-0.098071564913
европейского;1e-07
план;1e-07
позиция;1e-07
полгода;-1.49177600105
спать;1e-07
называются;1e-07
включили;1e-07
рбк;1e-07
перекинуть;1e-07
кипре;1e-07
включила;1e-07
круто;1e-07
коллцентре;1e-07
выпишусь;1e-07
протестировано;1e-07
электронных;1e-07
речь;1e-07
смогли;0.287693793514
жизнь;1e-07
капитала;1e-07
зажрались;1e-07
поздравляю;1e-07
прекратило;1e-07
нагреть;1e-07
остановило;1e-07
открытого;1e-07
полностью;1e-07
взаимный;-0.0436717624574
сукину;1e-07
повысить;1e-07
дружно;1e-07
месяц;1.39825490205
нос;1e-07
занят;1e-07
оборонных;1e-07
отказ;1e-07
нахуй;1e-07
подведены;1e-07
понадобилось;1e-07
кормить;1e-07
дальневосточный;1e-07
банков;-0.822376139402
лишь;1e-07
террористы;1e-07
теперь;-1.31624884776
кредита;1.05001806551
рубвторойчуть;1e-07
кара;1e-07
ресурсную;1e-07
банком;0.631360298824
миллионам;1e-07
купино;1e-07
офис;0.674277282402
принято;1e-07
задолженностей;1e-07
москвы»;-3.36731108578
внешэкономбанку;1e-07
публику;1e-07
запретили;1e-07
детям;1e-07
быдло;1e-07
предлогом;1e-07
убийц;1e-07
сожалению;1e-07
кажется;1e-07
услугам…;1e-07
вкладов;0.827540509326
союза;1e-07
экономике;1e-07
вкладчиками;1e-07
сибири;1e-07
экономика;-1.64980497894
своей;1e-07
лидер;1e-07
нервы;1e-07
экономики;-0.00317041216685
ста;1e-07
почте;-0.865048332663
одни;1e-07
подпадут;1e-07
стр;1e-07
ивахинов;1e-07
убит;1e-07
подд;1e-07
исправляются;1e-07
стал;1e-07
счета;1e-07
искренне;1e-07
вести;1e-07
экономику;1e-07
блин;1e-07
сотовый;1e-07
интернетбанком;1e-07
сам;1e-07
включить;1e-07
член;1e-07
коммерческого;1e-07
продукт;1e-07
принять;1e-07
кред…;1e-07
внешэкономбанка;1e-07
шилов;1e-07
ужасно;1e-07
когда;-0.940364675309
тч;1e-07
оставить;1e-07
меры;1e-07
боли;1e-07
узнать;1e-07
выданных;1e-07
продукты;1e-07
крутят;1e-07
кредиту;1.92816712807
августа;-2.27687407209
вас;-0.576353401771
люксембурге;1e-07
бабок;1e-07
пользуются;1e-07
базе;1e-07
домой;1e-07
против;-5.79704470322
база;1e-07
семей;1e-07
поручительства;1e-07
пять;-1.03533832725
пользовался;1e-07
обратитесь;1e-07
генерального;1e-07
завтра;1e-07
остальные;1e-07
пяти;1e-07
или;0.290277408137
пределе;1e-07
миниофис;1e-07
нормально;-0.816253982213
рождения;1e-07
«месяц;1e-07
кредиты;0.223333875959
устраивает;1e-07
приберегли;1e-07
фигня;1e-07
долгих;1e-07
базу;1e-07
воскресенье;1e-07
европейские;1e-07
потому;1e-07
зарегистрированную;1e-07
пескова;1e-07
отлично;1e-07
проинформировало;1e-07
европейский;1e-07
тд;1e-07
внешних;1e-07
известно;1e-07
сп;1e-07
выданным;1e-07
то;-2.26832989633
вашим;1e-07
тк;1e-07
понижением;1e-07
публично;1e-07
кургане;1e-07
версию;1e-07
вселюдей;1e-07
учреждений;1e-07
расширять;1e-07
члены;1e-07
штрихкоды;1e-07
сократилась;1e-07
зампред;1e-07
сделала;1e-07
сожгите;1e-07
федера;1e-07
любые;1e-07
залог;1e-07
мнение;1e-07
идет;1e-07
господдержке;1e-07
нему;1e-07
самых;1e-07
военнослужащих;1e-07
керченского;1e-07
краснодарский;1e-07
расскажут;1e-07
предлагают;1e-07
правлением;1e-07
большое;1e-07
третьи;1e-07
санкциомы;1e-07
уровне;1e-07
вам;1e-07
самый;1e-07
роста;1e-07
гениальна;1e-07
мпс;1e-07
примерно;1e-07
ок;1e-07
виз;1e-07
иностарнной;1e-07
эскалировать;1e-07
машук;1e-07
долгосрочное;1e-07
трубку;1e-07
надежды;1e-07
тот;1e-07
агентство;1e-07
спецов;1e-07
испортились;1e-07
храните;1e-07
генеральным;1e-07
предложил;1e-07
фин;1e-07
сократился;1e-07
выпуску;1e-07
мыши;1e-07
«сбербанк;0.133537671803
россиикак;1e-07
оказывать;1e-07
поменял;1e-07
в;-0.859931811156
росс;-1.56219801806
др;1e-07
рост;1e-07
внешпромбанк;1e-07
ноября;1e-07
применены;1e-07
бьем;1e-07
откудато;1e-07
принимать;1e-07
крышой;1e-07
лезть;1e-07
пятаяколонна;1e-07
подробнее;1e-07
отказе;1e-07
россиикроме;1e-07
призванная;1e-07
присутствие;1e-07
датами;1e-07
метро;1e-07
докапитализирована;1e-07
проведенного;1e-07
русском;1e-07
объединенная;1e-07
внести;1e-07
денег;1e-07
этог;1e-07
путевка;1e-07
этом;-1.64365205422
акций;1e-07
акции;-0.131143310135
выпиской;1e-07
подать;1e-07
общество;0.349408320105
захотел;1e-07
поставки;1e-07
только;-0.720553181934
таких;1e-07
творчество;1e-07
мин;1e-07
минус;1e-07
дете;1e-07
общества;1e-07
визового;1e-07
фондовых;1e-07
торгов;-1.03065228019
тоже;1e-07
лпх;1e-07
промсвязь;1e-07
прекратить;1e-07
реализацию;1e-07
пострадают;1e-07
имеют;1e-07
добро;1e-07
делать;1e-07
опыт;1e-07
ставок;-0.548167516727
обратите;1e-07
американцы;1e-07
имчто;1e-07
втб;-2.11946109852
прав;1e-07
брюссельского;1e-07
выда;1e-07
сектора…;1e-07
финансирования;1e-07
как;-1.11003864961
народа;1e-07
мир;-0.512962339845
сберба;1e-07
американских;1e-07
просить;1e-07
час;2.38638404573
многоуважаемый;1e-07
этот;-0.810368044021
администрация;1e-07
агенство;1e-07
«мобильный;1e-07
суммах;1e-07
«информирование;1e-07
пермского;1e-07
получится;1e-07
филиале;1e-07
том;-1.82653328242
филиала;-2.07030683213
армянское;1e-07
уралавтострой»;1e-07
прогнозом;1e-07
наложены;1e-07
пожелать;1e-07
общался;1e-07
черт;1e-07
смсочки;1e-07
связывайтесь;1e-07
несмотря;1.70685115995
пришел;-0.950740699748
охуенно;1e-07
перестаньте;1e-07
обусловлено;1e-07
и;-1.80928509591
сотрудники;0.245130951504
четыре;1e-07
парились;1e-07
будь;1e-07
принимают;1e-07
востребования;1e-07
магазинов;1e-07
хамом;1e-07
пользуется;0.810979055073
магазинах;1e-07
введенными;1e-07
ржд;1e-07
подозрение;1e-07
необходимыми;1e-07
месяце;1e-07
волну;1e-07
оштрафовал;1e-07
такая;1e-07
сотрудник;1e-07
человек;1e-07
новостидня;-0.485541627552
связью;1e-07
опечален;1e-07
ругательство;1e-07
бери;1e-07
вологжанам;1e-07
своих;-0.0551281024978
россиив;1e-07
филиалы;-0.847364840745
директор;1e-07
олигархов;1e-07
уважаемый;1e-07
смотреть;1e-07
видит;0.53065720941
объём;1e-07
похищено;1e-07
экономить;1e-07
эб;1e-07
впервые;1e-07
эм;1e-07
эл;1e-07
многа;1e-07
есбудет;1e-07
миллиона;1e-07
перечень;1e-07
кредите;1e-07
проверить;1e-07
госслужащих;1e-07
всеновости;1e-07
тому;1e-07
грустно;1e-07
простым;1e-07
уверен;1e-07
хозяйств;1e-07
морду;1e-07
справедливый;1e-07
ростом;1e-07
участников;1e-07
я;-1.44349304118
поддержит;1e-07
газпрому;1e-07
так;1e-07
прекратят;1e-07
там;-1.03943398323
мало;1e-07
русская;1e-07
вызвав;1e-07
«ростехом»;1e-07
эт;1e-07
татфондбанк;1e-07
норм;1e-07
стоит;1e-07
рсхб;-2.93183215426
говноконторы;1e-07
хозяйствам;1e-07
плохо;1e-07
снижает;1e-07
боооль;1e-07
именно;1e-07
думаете;1e-07
процента;1e-07
продуктов;0.111229989676
«риа;1e-07
убытка;1e-07
нравятся;1e-07
выдаёт;1e-07
проминвестбанк;1e-07
лет;-1.79611964853
тут;1e-07
тверская;1e-07
терминалы;1e-07
кэша;1e-07
внешэк…;1e-07
кризисом;1e-07
уровней;1e-07
списке»;1e-07
закрывает;1e-07
разбудил;1e-07
выдавал;1e-07
канал;1e-07
дела;1e-07
многие;1e-07
сентября;1e-07
дело;1e-07
бабушки;1e-07
специальные;1e-07
мыться;1e-07
простого;1e-07
сентябре;1e-07
благодаря;1e-07
оренбург;1e-07
вуаля;1e-07
проводить;1e-07
хотя;1e-07
повысил;0.456489669673
йн;1e-07
избежать;1e-07
тор…;1e-07
занесены;1e-07
условия;1e-07
вечером;0.0
стоимости;0.0
сломан;1e-07
говнобанка;1e-07
срочно;1e-07
руками;1e-07
радует;1e-07
наблюдательный;1e-07
сберегательным;1e-07
шлют;1e-07
интерфейсом;1e-07
неделю;1e-07
готовит;1e-07
недоверия;1e-07
карточек;1e-07
порядке;1e-07
проценты;-1.23846995745
дозвониться;1e-07
онлайн;1.95604732858
прессрелизе;1e-07
еду;1e-07
безвкусица;1e-07
меньше;1e-07
якобы;1e-07
рада;1e-07
утечка;1e-07
газромбанка;1e-07
граффити;1e-07
среднерусского;1e-07
общей;1e-07
слабовидящим;1e-07
прессы;1e-07
вашем;1e-07
засуну;1e-07
наказал;1e-07
поне;1e-07
голосуют;1e-07
заявил;-0.627056171678
копеек;1e-07
рефинансирование;1e-07
внешэкономбанк;-3.73028821551
сожалением;1.62592037807
«через;1e-07
это;-3.77394947833
принципа;1e-07
эти;-1.64523837603
вкладамгосбанки;1e-07
воспользуются;1e-07
вмоскве;1e-07
выдачу;0.868153443115
акций…;1e-07
киви;1e-07
зачем;1e-07
новатека;1e-07
азс;1e-07
вечер;1e-07
груди;1e-07
северного;1e-07
разное;1e-07
лондонской;1e-07
нормальный;1e-07
вкладами;1e-07
скоро;0.300145620135
инвест;1e-07
читай;1e-07
нынешнего;1e-07
теряют;1e-07
росси;1e-07
попрежнему;1e-07
аваль…;1e-07
сбербанк;-0.839019931818
американское;1e-07
б;1e-07
внимательно;1e-07
появилась;1e-07
свежие;1e-07
нарушение;1e-07
сотрудницы;1e-07
автор;1e-07
·;1e-07
подтверждены;1e-07
вид;1e-07
попасть;1e-07
райффайзен;-0.963020141673
обрушили;1e-07
странно;1e-07
почти;-2.28760941102
проще;0.773253004462
боюсь;1e-07
путин;1e-07
график;1e-07
про;-0.709582294342
рекорды;1e-07
при;-0.914332518713
почта;-0.559640904623
сша…;1e-07
увеличивает;1e-07
взять;0.592086139458
мае;1e-07
помощью;1e-07
республики;1e-07
канадский;1e-07
внимание;-0.559653463835
новостях;1e-07
канадские;1e-07
весь;1e-07
исполнения;1e-07
топменеджмента;1e-07
карточках;0.111229989676
допустил;-1.15505685567
одно;1e-07
господдержки;1e-07
ряда;1.64939001045
число;-1.35636780678
создали;1e-07
следовало;1e-07
закупку;1e-07
«конструкторское;1e-07
аваль»;1e-07
числе;-2.40873105081
рекомендовано;1e-07
ним;0.114887410709
охренели;1e-07
сети;1e-07
пользоваться;-0.499023670732
чтото;1e-07
работают;1e-07
предварительно;1e-07
интернетбанка;-1.91461551207
запретила;1e-07
самостоятельной;1e-07
агентства;1e-07
оказалось;1e-07
кор;1e-07
кроссовки;1e-07
коммерческий;1e-07
товары;1e-07
собираются;1e-07
балзавод;1e-07
вчера;1e-07
всеобъемлющие;1e-07
российс;1e-07
ато;1e-07
душевной;1e-07
«третьего;1e-07
финансировании;1e-07
ничего;1e-07
«черный;1e-07
блокировке;1e-07
искать;1e-07
финансирование;1e-07
нереально;1e-07
налички;1e-07
объем;1e-07
далее;1e-07
техническая;1e-07
них;1e-07
владельцев;1e-07
развлечения;1e-07
япошкам;1e-07
лесная;1e-07
текущий;1e-07
доступны;1e-07
ой;1e-07
трлн;1e-07
он;1e-07
звр;1e-07
об;-2.44345171033
синдицированный;1e-07
интересов;1e-07
милая;1e-07
мире;1e-07
получили;1e-07
заморозки;1e-07
санкционнный;1e-07
выпустил;1e-07
бы;-0.89902719873
согласовал;1e-07
мошенники;1e-07
кармана;1e-07
заморозке;1e-07
толком;1e-07
євромайдан;1e-07
текущие;1e-07
денежки;1e-07
ночи;1e-07
согласован;1e-07
ласковее;1e-07
используют;1.20408220753
средства;1e-07
коекак;1e-07
пре;1e-07
пожалели;1e-07
наращивает;1e-07
к;-1.33614042946
аферисты;1e-07
выдает;0.960248582947
хорошие;1e-07
спас;1e-07
удачи;1e-07
«новатэк»;1e-07
учё;1e-07
заменя;1e-07
последствий;1e-07
легендарный;1e-07
проходит;-0.597865770881
абсолютно;1e-07
ночь;1e-07
замену;1e-07
приостановке;1e-07
ба;1e-07
знаю;1e-07
ввела;1e-07
пришлось;1e-07
заморозку;1e-07
состояниисибирь;1e-07
ввели;1e-07
вопросблокировка;1e-07
оренбургский;1e-07
должен;1e-07
около;-0.764287931083
от;-0.273879680604
кольцо;1e-07
представил;1e-07
ох;1e-07
санкциями;1e-07
причины;1e-07
появятся;1e-07
услышал;1e-07
вэба;-2.59725378442
союзом;1e-07
испортил;1e-07
поганой;1e-07
пакет;1e-07
сидит;1e-07
рабочий;1e-07
визой;1e-07
три;-2.4063819053
кубань;1e-07
бросаете;1e-07
уверили;1e-07
забитые;1e-07
д…;1e-07
ссылке;1e-07
иле;1e-07
получается;1e-07
прокуратурой;1e-07
боитесь;1e-07
евросоюзом;1e-07
могли;1e-07
имбецилы;1e-07
сырьевых;1e-07
вышли;1e-07
выручит;1e-07
земель;1e-07
карточки;1e-07
секторальные;-1.56670622809
сфоткаться;1e-07
секторальный;1e-07
прислал;1e-07
кубани;1e-07
институтов;1e-07
четверг;-1.33548239292
вэбу;1e-07
дезинформирован;1e-07
сообщил;1e-07
утром;1e-07
выдал;1e-07
снижены;1e-07
«роснефть»;1e-07
помогал;1e-07
удобнее;1e-07
фотозахожу;1e-07
чистая;1e-07
вступаться;1e-07
через;-1.38523834461
рсбу;1e-07
консульские;1e-07
прищучить;1e-07
семья;1e-07
пустеют;1e-07
дагестана;1e-07
роктусэ;1e-07
рублях;1e-07
ссылкой;1e-07
селигер;1e-07
микробизнеса;1e-07
марий;1e-07
кэшин;1e-07
мошенничестве;1e-07
физиками;1e-07
поддержке;1e-07
роснефть;1.9362161841
разу;1e-07
платежных;1e-07
поддержка;1e-07
российская;1e-07
пополнили;1e-07
догоняют;1e-07
пытаюсь;1e-07
состоянию;-0.546570625808
сих…;1e-07
дневник;1e-07
раза;-0.74447934005
накрыли;1e-07
платежные;-0.133537671803
роснефти;-0.571486386389
поддержку;0.545283705991
пятерых;1e-07
попадут;1e-07
бг;1e-07
действия;0.194164879152
однако;0.38616293182
санкционном;1e-07
консульский;1e-07
юникорбанка;1e-07
севастополе;1e-07
освоение;1e-07
бывший;1e-07
добавились;1e-07
продлится;1e-07
геннадий;1e-07
хорошо;1e-07
торговая;1e-07
хрен;1e-07
берлинеднем;1e-07
бер…;1e-07
совет;0.194164879152
начнет;1e-07
квартиры;1e-07
готова;1e-07
просадку;1e-07
предыдущего;1e-07
руд;1e-07
всём;1e-07
продуктам;1e-07
изменилась;1e-07
самой;1e-07
расширенный;1e-07
повышают;1e-07
ограбили;1e-07
симкарты;1e-07
денежный;0.485541627552
мира;-0.164639459614
пришёл;1e-07
бывало;1e-07
расширенные;1e-07
обеду;1e-07
работаетто;1e-07
информацию;1e-07
дальше;1e-07
одобрили;1e-07
открытыми;1e-07
ад;1e-07
будет;-1.34955176189
временами;1e-07
безопасности;1e-07
конкурентов;1e-07
источники;1e-07
отчество;1e-07
рынок;0.307340079989
смогут;-0.653823904919
евр;1e-07
врут;1e-07
всетаки;1e-07
ы;1e-07
снижаются;1e-07
попала;1e-07
будем;1e-07
цель;1e-07
попали;1e-07
намерен;-0.648954201176
попало;1e-07
сроки;1e-07
звонили;1e-07
абсурдные;1e-07
спонсором;1e-07
стру…;1e-07
мое…;1e-07
уэк;1e-07
днем;1e-07
россии»;0.133537671803
дней;1e-07
безработному;1e-07
полюбому;1e-07
россельхозбанкаоб;1e-07
сотрудничать;0.0224748094521
перейти;1e-07
невозможна;1e-07
большее;1e-07
номинациях;1e-07
россельхозбанкасша;1e-07
финансирует;1e-07
чего;0.47959368878
бороться;1e-07
дни;1e-07
вложить;1e-07
даж;1e-07
просты;1e-07
займ;1e-07
сооб;1e-07
собрал;1e-07
можно;0.101660906945
вырос;1e-07
украину;1e-07
ж;1e-07
рейтинг;-0.403285237997
украины;1e-07
картами;1e-07
украине;-1.41293659481
покупать;1e-07
отрадном;1e-07
красноярских;1e-07
запрещен;1e-07
щимит;1e-07
вручную;1e-07
орехову;1e-07
неисправности;1e-07
просто;-0.299541503758
составляет;1e-07
днр;1e-07
ещё;1e-07
формата;1e-07
патриот;1e-07
улучшили;1e-07
черный;1e-07
обещает;1e-07
дню;1e-07
дня;-1.33628619643
дочернее;1e-07
наибольшие;1e-07
мои;1e-07
провал;1e-07
обладает;1e-07
«ро;1e-07
щас;1e-07
сегодня;-0.785285672351
предложение;1e-07
малмал;1e-07
оказались;1e-07
родной;1e-07
корпорация;1e-07
темп;1e-07
занимается;1e-07
услуги;1e-07
сумму;1e-07
звонят;1e-07
необходимо;1e-07
работаете;1e-07
министерства;1e-07
отказываются;1e-07
слухи;1e-07
сбертакойсбер;1e-07
расширить;1e-07
альфаклик;1e-07
безналичную;1e-07
отделениях;1e-07
говорит;1e-07
дополнят;1e-07
добролет;1e-07
российски;1e-07
объединён;1e-07
исчезновению;1e-07
префы;1e-07
рынку;1e-07
открыла;1e-07
бурятии;1e-07
связи;1e-07
пилотный;1e-07
месяцев;1e-07
запрет;-0.847360375039
государственной;1e-07
№учитывая;1e-07
скидка;1e-07
услугу;1e-07
секторальных;1e-07
скидки;1e-07
посмеялся;1e-07
улучшеший;1e-07
сумма;1e-07
легко;0.0800524760173
кредитному;1e-07
здесь;-0.644027064652
минфина;1e-07
считается;1e-07
жил;1e-07
косо;1e-07
погасил;1e-07
кредитами;1e-07
одного;1e-07
петербургский;1e-07
впереди;1e-07
недоступен;1e-07
риск;1e-07
выстроиться;1e-07
зато;1e-07
вологодской;1e-07
попадают;1e-07
телефоне;1e-07
подпадает;1e-07
ядерных;1e-07
предоставлят;1e-07
сделать;1e-07
исправить;1e-07
банкоматы;1e-07
спойлер;1e-07
бонусных;1e-07
стран;1e-07
онлйн;1e-07
решительно;1e-07
реа;1e-07
второй;0.865048332663
эксперты;1e-07
поручителей;1e-07
грн;1e-07
очень;-0.677248534016
брюсселе;1e-07
исследования;1e-07
брюсселя;1e-07
дизайном;1e-07
брюссель;1e-07
детектед;1e-07
догоняй;1e-07
трёх;1e-07
работать;-0.328411047379
ммвб;1e-07
рашкебанк;1e-07
одним;1e-07
попадает;1e-07
млн;-0.226234201942
реш;1e-07
жкх;1e-07
националпредатели;1e-07
православные;1e-07
услугами;1.90536073042
ульяновске;1e-07
пермяков;1e-07
ногтю;1e-07
банкомата;-0.245130951504
возвращает;1e-07
футбольного;1e-07
недвижимости;1e-07
прописку;1e-07
решила;1e-07
монашка;1e-07
перечисляется;1e-07
личном;1e-07
телефону;1e-07
региональной;1e-07
партнерами;1e-07
европейским;0.770051159776
мер;1e-07
мес;1e-07
зао;1e-07
вопрос;1e-07
всу;1e-07
всю;1e-07
испытываю;1e-07
трем;1e-07
снижения;1e-07
чистую;0.587817921495
газпр;1e-07
всё;0.0894082975757
вернуть;1e-07
потянутся;1e-07
президента;1e-07
банкам;1e-07
ограничит;1e-07
сделок;1e-07
вторник;1e-07
развивает;1e-07
суверенного;1e-07
экспрессгарантий;1e-07
кръедит;1e-07
голову;1e-07
россия;-1.97787003809
консульских;1e-07
гостиницы;1e-07
з;1e-07
справки;0.980902512548
приборостроения;1e-07
ином;1e-07
смертью;1e-07
россии;-0.465636047828
россий;1.38642623215
услуг;0.708940888037
предоставлении;1e-07
пойти;1e-07
недельдва;1e-07
чтобы;1e-07
одновременно;1e-07
пусть;0.190595940359
задумаюсь;1e-07
экономист;1e-07
например;1e-07
полтора;1e-07
предлагает;1e-07
ждет;1e-07
приостановил;1e-07
запрете;1e-07
акцию;1e-07
полуноч;1e-07
адекватные;1e-07
все;-0.688083173456
трех;-0.58851947262
стороне;1e-07
обязательно;1e-07
победителем;1e-07
учить;1e-07
должник;1e-07
быть;-1.66008701059
сами;1e-07
названы;1e-07
импорт;1e-07
бумаг;1e-07
россельхозбан;1e-07
патамушта;1e-07
журнал;1.13007819634
«перекресток»;1e-07
календарных;1e-07
спама;1e-07
ставел;1e-07
сектор;1e-07
зарплатной;1e-07
курганской;1e-07
помощь;1e-07
дамбас;1e-07
наказываетдьявол;1e-07
ответил;1e-07
кредитная;1e-07
помощи;-2.83718252677
проведут;1e-07
банк;-0.818773295624
доступ;1e-07
вероятно;0.430820785966
осетии;1e-07
закрылся;1e-07
объявит;1e-07
экс;1e-07
срокупо;1e-07
после;0.057870312721
гребанный;1e-07
связано;1e-07
хуй;1e-07
кому;1e-07
ебаные;1e-07
правильно;1e-07
бензоколонки;1e-07
пока;-0.690103954224
«банка;1e-07
совершили;1e-07
осталась;1e-07
пинкодов;1e-07
дадут;1e-07
лучше;1e-07
угодно;1e-07
запрещается;1e-07
перед;1e-07
костомукше;1e-07
вели;1e-07
альфабанка;1e-07
уйдет;1e-07
новых;0.210021970507
аккредитова;1e-07
которым;1e-07
выдали;1e-07
который;1e-07
которые;0.0474432503204
купить;0.14310805667
до;0.214866508887
дм;1e-07
такуюжа;1e-07
заседание;1e-07
сначала;1e-07
другой;0.606162442461
да;-1.69444899905
оценили;1e-07
работы;2.30443825553
обладатель;1e-07
приборостроен;1e-07
работу;-2.38497003312
консультирует;1e-07
введут;1e-07
регионов;0.336492330258
нет;-0.356528395639
включение;1e-07
энную;1e-07
работа;1.32188478073
лентяи;1e-07
работе;1e-07
говорится;1e-07
новостроек;1e-07
главные;1e-07
могл…;1e-07
сильно;1e-07
главный;1e-07
амкар;1e-07
способ;1e-07
новые;-3.33627336194
черного;1e-07
крок;1e-07
наша;1e-07
новым;1e-07
организации;1e-07
которых;1e-07
новый;-2.72905609712
некредитуемых;1e-07
индексов;1e-07
плачевно;1e-07
хватит;1e-07
национальный;1e-07
растет;-0.268276715435
возьмите;1e-07
обанкротятся;1e-07
гуриев;1e-07
жизни;1e-07
разместил;1e-07
возвращать;-0.200677799097
раскрыть»;1e-07
глючит;1e-07
нарушили;1e-07
роботы;1e-07
та;1e-07
ко;1e-07
настигла;1e-07
референдума;1e-07
своего;0.435340636132
никуда;1e-07
стали;1e-07
стало;-0.822049029626
имейте;1e-07
снял;1e-07
сбербанке;-2.08319852033
сбербанка;-0.912927872238
держателей;1e-07
выиграл;1e-07
соединенные;1e-07
неустоек;1e-07
кредит;1.14197115496
маестро;1e-07
одну;1e-07
иоффе;1e-07
отделения;0.064541451416
филиал;1e-07
втбновые;1e-07
смешно;1e-07
платежа;1e-07
отделений;1e-07
отделении;0.42630891699
копейки;1e-07
альфабанк;-1.31053535133
страну;1e-07
платежи;1e-07
уровня;1e-07
платежн;1e-07
отделение;-0.816569905728
страны;-0.480673108969
найти;1e-07
американскому;1e-07
имущество;1e-07
сбербанку;1e-07
обама;1e-07
точечных;1e-07
брокерские;1e-07
госпрограмм;1e-07
обвал;1e-07
граждане;1e-07
газет;1e-07
разместит;1e-07
кто;1e-07
ру;1e-07
рф;-1.99121679366
традиционно;1e-07
обычном;1e-07
выстретили;1e-07
наф…;1e-07
повторять;1e-07
представ;1e-07
набсовет;1e-07
расслабиться;1e-07
дарит;1e-07
некоторых;1e-07
открыть;1e-07
подконтрольный;1e-07
роснефтью;1e-07
итартасс;1e-07
списках;-1.69709337977
готовится;1e-07
набор;1e-07
втб»;1e-07
льготного;1e-07
удовольствием;1e-07
госбанк;1e-07
наблюдательного;1e-07
шесть;1e-07
где;-1.31356202909
дальневосточникам;1e-07
потенциал;1e-07
потратить;1e-07
суки;1e-07
филиалысейчас;1e-07
государственным;1e-07
сука;1e-07
рукво;1e-07
внесением;1e-07
украли;1e-07
ехать;1e-07
выбрали;1e-07
краем;1e-07
действии;1e-07
выбрала;1e-07
поход;1e-07
запускает;1e-07
охренел;1e-07
обзор;1e-07
скором;1e-07
способствует;1e-07
что;-1.89937490571
начать;1e-07
ро;1e-07
санкц;1.63381849181
отказали;1e-07
послали;1e-07
фото;1e-07
перепуталикакое;1e-07
исключает;0.405488550645
правительство;1e-07
работа…;1e-07
санкиями;1e-07
передает;1e-07
рынкам;1e-07
“у;1e-07
вологодского;1e-07
государства;-3.27836389134
обворовал;1e-07
приговорен;1e-07
вынуждены;1e-07
…;-1.68937013384
долговые;1e-07
яновости;1e-07
сбербанк’е;1e-07
привели;1e-07
дико;1e-07
кирп;1e-07
пытают;1e-07
о;-2.74372531159
банкомат;-1.05489499713
неловком;1e-07
мобильные…;1e-07
пересмотре;1e-07
сказали;1e-07
неловкое;1e-07
порошенко;1e-07
рнкб;1e-07
сложилось;1e-07
сколько;1e-07
альфабанку;1e-07
договорился;1e-07
заключили;1e-07
постоянно;1e-07
всеми;1e-07
понятны;1e-07
походу;1e-07
содействовал;1e-07
сборной;1e-07
совета;1e-07
отсрочка;1e-07
отразиться;1e-07
платежей;-0.782216833426
долгосрочными;1e-07
кредитку;1e-07
автомобили;1e-07
резко;1e-07
отстой;1e-07
заблокирует;1e-07
оформление;1e-07
гражданам;1e-07
выпуска;1e-07
подверглись;1e-07
увели;1e-07
держит;1e-07
официальный;1e-07
конца;1e-07
юристов;1e-07
рулю;1e-07
сжёг;1e-07
компьютеры;1e-07
похлеще;1e-07
москва;0.318477706855
открыл;1e-07
москве;1e-07
велосипедов;1e-07
бизнесу;1e-07
пя;1e-07
сервисов;1e-07
«черном;1e-07
перестаю;1e-07
пц;1e-07
александр;1e-07
многоэтажки;1e-07
премию;1e-07
сервисом;1e-07
саратов;1e-07
по;0.0562895096343
отжигает;1e-07
выводить;1e-07
украина;1e-07
европе;1e-07
европа;1e-07
приоб;1e-07
москву;1e-07
нургалиева;1e-07
добить;1e-07
москвы;-2.24192269832
северной;1e-07
бизнеса;1e-07
выдержать;1e-07
северном;1e-07
цапок;1e-07
курс;1e-07
«алтайэнергосбыт»;1e-07
концу;1e-07
есв;1e-07
сборов;1e-07
омонра;1e-07
установили;1e-07
беспокоить;1e-07
удобным;1e-07
твиттер;1e-07
самих;1e-07
северная;1e-07
длилась;1e-07
кировское;1e-07
один;1e-07
новатэк;0.961477995376
общая;1e-07
глядишь;1e-07
магазина;1e-07
конструкторское;1e-07
обслуживания;1e-07
добавив;1e-07
хотите;1e-07
минске;1e-07
электронная;1e-07
санкционных;-1.69709337977
банкмосква;1e-07
оператор;1e-07
вооруженных;1e-07
вн;1e-07
во;-0.998044421683
ви;1e-07
«райффайзен;1e-07
унасоплатапрошла;1e-07
бандами;1e-07
ипотечный;1e-07
ипотечные;1e-07
управлять;1e-07
ипотеку;1e-07
кампании;1e-07
россельскохозбанк;1e-07
корпорацияречь;1e-07
якт;1e-07
оплаты;1e-07
хуже;1e-07
ипотеке;0.168061349198
ипотечных;1e-07
ипотека;0.911967281423
спонсора;1e-07
затрагивают;1e-07
маяковская;1e-07
зампре;1e-07
техработах;1e-07
смысл;1e-07
обратно;1e-07
сторо;1e-07
вы;-0.424748016681
сохранит;1e-07
вэбом;1e-07
обратился;1e-07
турбаза;1e-07
известные;1e-07
банковскую;1e-07
здоровые;1e-07
выпуск;1.96192715057
просроченная;1e-07
специальное;1e-07
выражаю;1e-07
власти;1e-07
европейс;1e-07
девочки;1e-07
коснуться;1e-07
е…;1e-07
какимито;1e-07
наглый;1e-07
бревики;1e-07
прямо;1e-07
размере;1e-07
провайдер;0.0
происходит;1e-07
переводите;1e-07
перестал;1e-07
проблем;1e-07
минфин;1e-07
последнее;1e-07
финанс»;1e-07
менее;1e-07
интернет;0.219653781545
неожиданно;1e-07
почему;1e-07
квартиру;1e-07
займов;1e-07
приложением;1e-07
дойдет;1e-07
сайтетак;1e-07
официально;1e-07
моих;1e-07
увеличение;1e-07
прочие;1e-07
п;1e-07
зоне;1e-07
прочих;1e-07
интерфакс;1e-07
контактам;1e-07
наврятли;1e-07
потерял;1e-07
читаювзаимно;0.255953886807
получить;0.0606297931024
структуры;1e-07
продавайте;1e-07
цели;1e-07
ошибка;1e-07
олигархи;1e-07
па;1e-07
банкрот;1e-07
выполнение;1e-07
выбор;1e-07
глубине;1e-07
пенсионеров;1e-07
обслуживанием;1e-07
заубер;1e-07
россельхозбанка;-2.57499093647
слово;1e-07
россельхозбанке;1.29399385888
иди;1e-07
неопределенности;1e-07
смсспам;1e-07
втему;1e-07
наложить;1e-07
для;0.719625442572
оскарович;1e-07
бюро;1e-07
вошли;-2.74608760217
покупку;1e-07
накануне;1e-07
деятельность;0.182329370851
картам;1e-07
сбереженья;1e-07
поднимет;1e-07
долг…;1e-07
информагентства;1e-07
оптимизма;1e-07
пермь;1e-07
закрываю;1e-07
принимаетенет;1e-07
тц;1e-07
приятное;1e-07
префов;1e-07
приостановит;1e-07
владимире;1e-07
ранее;-1.44496790038
третий;1e-07
корпоративных;1e-07
кредитных;1e-07
обеспечения;1e-07
отношению;1e-07
раундом;1e-07
устойч;1e-07
неоплатной;1e-07
остались;1e-07
отношении;-1.36419321878
кредитные;1e-07
бтв;1e-07
ногой;1e-07
расширил;1e-07
подавятся;1e-07
кредитный;1e-07
комсомольская;1e-07
консульского;1e-07
сейчас;0.45014640479
корпоративным;0.967413374954
больше;-0.680752133696
ржоте;1e-07
корпоративный;1e-07
корпоративные;1e-07
школу;1e-07
пизда;1e-07
главы;1e-07
кастрированный;1e-07
объявил;1e-07
нашими;1e-07
сообщать;1e-07
дочка;1e-07
конутся;1e-07
дольше;1e-07
переживет;-1.09869043198
текущего;1e-07
чтоб;0.459575514597
бед;1e-07
без;1.1692913712
бабуля;1e-07
неподвластна;1e-07
москвывтброссельхозбанка;1e-07
попытки;1e-07
инвесторам;1e-07
кроме;-0.154165331949
сей;1e-07
пыталась;1e-07
клиент;1e-07
ерип;1e-07
україна;1e-07
мост;1e-07
подпадают;1e-07
расширение;1e-07
рублей;1.35787572591
него;1e-07
еврооблигации;1e-07
«спасибо»;1e-07
востоке;1e-07
впизду;1e-07
визу;1e-07
соболезнования;1e-07
опубликовало;1e-07
комиссии;1e-07
предприятие;1e-07
негативно;1e-07
тридцать;1e-07
платеж;1e-07
проверки;1e-07
табло;1e-07
утверждена;1e-07
комиссию;-0.741992603201
информация;1e-07
блокировок;1e-07
состоялось;1e-07
страдать;1e-07
взрыв;1e-07
сразу;-0.0878887758711
сроку;1e-07
за;-1.80931973952
написала;1e-07
означают;1e-07
поездкой;1e-07
отразятся;-0.28769672393
моск;1e-07
просит;1e-07
привязан;1e-07
обратиться;1e-07
закупок;1e-07
уменьшение;1e-07
яндекс;1e-07
сообщает;-1.86325262405
новатэка;1e-07
хозяйствамроссельхозбанк;1e-07
исключил;1e-07
ао;1e-07
к…;1e-07
темпами;1e-07
проблема;1e-07
«россельхозбанком»;1e-07
санкцийв;1e-07
индексах;1e-07
провел;1e-07
провед;1e-07
быстро;1e-07
обхитришь;1e-07
центра;-0.834098439095
ряд;1e-07
продвинулся;1e-07
приняла;1e-07
везёт;1e-07
пятницы;1e-07
займом;1e-07
офисах;1e-07
сибирских;1e-07
санкционного;1e-07
судост;1e-07
тебя;1e-07
зарубежной;1e-07
веру;1e-07
январяиюня;1e-07
казань;1e-07
заработал;1e-07
юридических;1e-07
проката;1e-07
канада;1e-07
портал;1e-07
заявляетсбербанк;1e-07
пунктов;1e-07
госпошлину;1e-07
стояла;1e-07
холодная;1e-07
потерянную;1e-07
офиса;1e-07
офисе;1e-07
достаточным;1e-07
байкальском;1e-07
кредитной;1e-07
выгодные;1e-07
проблемы;-0.48418657712
транзакции;1e-07
заголовок;1e-07
давайзачитаемдругдруга;1e-07
проблему;1e-07
признан;0.117800619156
ростехом;1e-07
сайте;1e-07
признал;1e-07
физическим;1e-07
рекордными;1e-07
–;-1.85937467047
прошлом;1e-07
сегменты;1e-07
дает;1e-07
компании;-0.88459725082
компаний;-1.51070162337
использованием;1e-07
похоже;1e-07
операционист;1e-07
фотке;1e-07
гривен;1e-07
моста;1e-07
источнику;1e-07
киева;1e-07
города;0.55972883125
факты;1e-07
такж;1e-07
официальном;1e-07
факту;1e-07
роснефть…;1e-07
верните;1e-07
да…;1e-07
временно;1e-07
доступа;1e-07
происшествия;1e-07
кодировка;1e-07
росне;1e-07
размещение;1e-07
бан;0.539846715812
заявило;1e-07
риа;-1.38642623215
америка;1e-07
сообщается;1e-07
компанию;1e-07
компания;1e-07
миллион;1e-07
вв;1e-07
источник;1e-07
сегменте;1e-07
фиг;-0.100086983668
ульяновской;1e-07
структурообразующие;1e-07
включая;1e-07
заблокировать;1e-07
клуба;1e-07
объединенной;1e-07
выступает;1e-07
режиме;1e-07
этих;1e-07
между;1e-07
визы”;1e-07
арест;1e-07
скромнее;1e-07
читайте;1e-07
утерли;1e-07
же;-1.69841095129
евро;1e-07
расчетному;1e-07
отвечают;1e-07
утвердил;1e-07
переоценке;1e-07
процентной;1e-07
мск;0.628649684222
удачно;1e-07
продолжаем;1e-07
наряду;1e-07
странам;1e-07
загоняют;1e-07
ул;1e-07
ук;1e-07
вступили;1e-07
кировчан;1e-07
тысяч;0.640582534677
филиалов;1e-07
улучшил;1e-07
уж;1e-07
донецке;1e-07
банковским;1e-07
карательную;1e-07
работников;1e-07
избирательный;1e-07
устойчивой;-0.223155272514
сертификатам;1e-07
волговятский;1e-07
исполнении;1e-07
воровать;1e-07
отключают;1e-07
позволяет;0.14310805667
той;0.236398648442
топ;1e-07
этой;1e-07
продолжает;1.35960925233
можете;1e-07
тож;1e-07
месяца;0.111229989676
тупость;1e-07
работаю;0.693191135638
любимый;1e-07
тула;1e-07
поеврейски;1e-07
двадцать;1e-07
список»;1e-07
зачемглупо;1e-07
нее;1e-07
нед;1e-07
запомни;1e-07
капиталаимена;1e-07
властям;1e-07
банкиру;1e-07
выйдет;1e-07
нем;1e-07
ней;-0.100086983668
этим;1e-07
ресторане;1e-07
розничным;1e-07
приобретать…;1e-07
центр;1e-07
платежная;1e-07
конкретики;1e-07
украинская;1e-07
затупил;1e-07
усы;1e-07
ваши;1e-07
очередь;1e-07
хочется;1e-07
ваша;1e-07
завтрашнего;1e-07
ваше;1e-07
ему;1e-07
стене;1e-07
визиту;1e-07
втб№;1e-07
свое;1e-07
работающие;1e-07
выпущенные;1e-07
свой;-0.573254726341
свои;-1.46784790329
работой;1e-07
воложине;1e-07
курса;1e-07
ипотечного;1e-07
свою;1e-07
условному;1e-07
какие;1e-07
фондовом;1e-07
урожай;1e-07
миром;1e-07
брал;1e-07
продает;1e-07
стену;1e-07
умудрились;1e-07
подадут;1e-07
удар;1e-07
кре;1e-07
вступает;1e-07
чело;1e-07
начал;1e-07
сбер;-0.446808587904
призвал;1e-07
закрывать;1e-07
читаю;1e-07
судостроительная;1e-07
стартовал;1e-07
ретвитни;1e-07
волжская;1e-07
вооруженные;1e-07
её;1e-07
внешэко;1e-07
райфайзен;1e-07
июля;-2.05785999046
диплом;1e-07
вашими;1e-07
—;-0.405478399489
снижение;1e-07
возьму;1e-07
полный;1e-07
научится;1e-07
ес;-2.29281952038
снять;1e-07
аваль;-0.194994304018
помимо;1e-07
западных;1e-07
области;0.291959391399
хожу;1e-07
подтвердило;1e-07
льготным;1e-07
значительно;1e-07
в…;1e-07
банкмосквы;1e-07
рынке;1e-07
санкционный;-4.18516785189
финансовую;1e-07
прошло;1e-07
рынка;0.0
сберонлайна;1e-07
грамотно;1e-07
условиях;1.3172792521
эра;1e-07
министерство;1e-07
показав;1e-07
франков;1e-07
любом;1e-07
провели;1e-07
заебись;1e-07
письмо;1e-07
вопреки;1e-07
западные;1e-07
западный;1e-07
ебрр;1e-07
срок;1e-07
нда;1e-07
слышу;1e-07
помогают;1e-07
ужесточения;1e-07
вошел;0.0946924804154
ее;1e-07
стабильно;1e-07
июле;1e-07
финансы;-1.21089644882
пожалуйста;0.0
утверждения;1e-07
шестичасовых;1e-07
ввел;1e-07
любое;1e-07
пугают;1e-07
москвыпожалуйста;1e-07
грузия;1e-07
ввожу;1e-07
альфакликом;1e-07
звонить;1e-07
введенные;1.79635892325
сшавпо;1e-07
капитализации;1e-07
дистанционное;1e-07
россельхозбанком;0.570495426653
швырять;1e-07
лучших;1e-07
отдел;1e-07
«префов»;1e-07
исправлять;1e-07
бюджетной;1e-07
пошла;1e-07
правительству;1e-07
бабки;1e-07
оставшиеся;1e-07
каждый;0.100086983668
ищё;1e-07
ждите;1e-07
угроза;1e-07
грефу;0.262380493974
своими;1e-07
показывает;1e-07
альфабанкгадость;1e-07
соединенных;1e-07
росбалт;1e-07
товаров;0.305394868829
ввёл;1e-07
предраковом;1e-07
предоставлять;0.246549610625
ли;-2.24573388402
угрозы;1e-07
выдачей;1e-07
приплыли;1e-07
знает;1e-07
аналогичного;1e-07
решить;1e-07
вологжане;1e-07
правительства;1e-07
слава;1e-07
реально;0.546570625808
лучшим;1e-07
введены;1e-07
лучший;1e-07
вашингтон;1e-07
пробился;1e-07
«газпром»;1e-07
туалет;1e-07
обнародовал;1e-07
россия№;1e-07
иранских;1e-07
подпали;1e-07
птицеводства;1e-07
новыми;1e-07
введенных;-0.566963862178
городу;1e-07
внутренний;1e-07
бомбу;1e-07
яндексом;1e-07
просят;1e-07
попавших;1e-07
руб;-0.295076454174
распространятся;1e-07
долго;0.374713428783
банкоматов;1e-07
затронет;1e-07
возникнуть;1e-07
долге;1e-07
звоните;1e-07
компенсации;1e-07
мтс;-0.0689962203871
добавили;1e-07
рекордных;1e-07
добавило;1e-07
заблокировал;1e-07
даже;1e-07
прод;1e-07
удивлен;1e-07
коснулись;0.0
шеф;1e-07
вкладчикам;1.20408220753
видов;1e-07
выдуманные;1e-07
бизнес;-0.606247703129
гарантий;1e-07
клиентами;2.39027401061
калени;1e-07
антироссий;1e-07
доступна;1e-07
опубликованы;1e-07
россельхо;1e-07
вв…;1e-07
лицам;1e-07
дочку;1e-07
титульного;1e-07
часть;1e-07
крыша;1e-07
бдительны;1e-07
ресурсами;1e-07
укрвоенщину;1e-07
остаться;1e-07
попавшие;-0.535796604448
остановить;1e-07
органи;1e-07
гарантирует;1e-07
звонил;1e-07
визбанки;1e-07
ограничат;1e-07
евросою;1.01863870746
роии;1e-07
ногу;1e-07
россельхозбанк;-1.60737994587
обслуживание;-0.310171977367
пополнить;1e-07
открылся;1e-07
сходил;1e-07
заморозили;1e-07
пустой;1e-07
мисшн;1e-07
оказывается;1e-07
февраля;1e-07
именами;1e-07
мерам;1e-07
втбсми;1e-07
вместе;1e-07
крупнейшие;1e-07
россельхозбанку;1e-07
вместо;1e-07
номер;1e-07
огран;1e-07
смазывают;1e-07
банковской;1e-07
времени;1e-07
факт;1.71805476215
крупный;0.33648563211
полугодии;1e-07
корпорациив;1e-07
малого;1e-07
сих;1e-07
добрались;1e-07
еще;-1.15425410171
проекты;1e-07
н;1e-07
владивосток;1e-07
полугодие;1e-07
минимум;1e-07
ваще;1e-07
ярик;1e-07
место;1e-07
потребкредит;1e-07
сим;1e-07
нуспасибо;1e-07
третьем;1e-07
стабильную;1e-07
настигнут;1e-07
перевести;1e-07
райфазен;1e-07
наличкой;1e-07
уроды;1e-07
осужден;1e-07
вэб;-2.45086221558
захотевшие;1e-07
крупнейших;-0.897008419261
гашишем;1e-07
ущерб;1e-07
регистрации;1e-07
новосибирске;1e-07
подмосковье;1e-07
прием;1e-07
лимит;1e-07
позвонила;1e-07
райффайзенбанка;1e-07
проиндексировали;1e-07
павловнуне;1e-07
оренбургской;1e-07
помеха;1e-07
раунд;1e-07
мучай;1e-07
C;0.351597318076